"0","#Install Packages"
"0",""
"0","# install.packages(""tidycensus"")"
"0","# install.packages(""tidyverse"")"
"0","#install.packages(""mapview"")"
"0","# install.packages(""tmap"")"
"0","# install.packages(""tigris"")"
"0","# install.packages(""crsuggest"")"
"0","# install.packages(""ggplot2"")"
"0","# install.packages(""spdep"")"
"0","# install.packages(""matrixStats"")"
"0","# install.packages(""rmapshaper"")"
"0","# install.packages(""SpatialAcc"")"
"0",""
"0","#Libraries"
"0",""
"0","library(""tidycensus"")"
"0","library(""tidyverse"")"
"0","library(tigris)"
"0","options(tigris_use_cache = TRUE)"
"0","library(ggplot2)"
"0","library(mapview)"
"0","library(sf)"
"0","library(tmap)"
"0","library(crsuggest)"
"0","library(mapboxapi)"
"0","library(ggplot2)"
"0","library(spdep)"
"0","library(rmapshaper)"
"0","library(matrixStats)"
"0","library(SpatialAcc)"
"0",""
